"gene","protein",""
NA,NA,NA
NADH dehydrogenase subunit 2,MNDINFFLPKLISTPVNLPILPEIILILSLTAIIVIDLLNKGKNAILLYKISLVSLFISAVVLLCQWEFSIVSERSHNSDFSNIFRFLPLICSLLSVSSSVDYVLCSKVALAEFLLFKLTAGLGGMVLSCANDLVTIYVSLEFLALSSCFLSGYTKRDMRSNEASTKFILMSGASSSFLLYGFSPLYGPSGGQLQLNEIVGRILLNKYVSITYISAVFIIAGTAFKLSLFPFHQWTPDVYEGSPTPVVAFLSVTSKVAAPASFTRLFGLLFPYLSNEWHAAVGLLATFSMILGNLIAVTQRSIKRMLAYPSISQIGYIMIGVLAADSGNGYASMITYTFIYIFMNLGTFARITPFGLRTGTDNIRDYAGLYMKDPVLTFSPVLRSPSLGGMPPPSGFFGKLHLFWHGWKAGSYPSVPVALVTSVISIYYYLKIIKSMFTGKSGRSGTPITSRQNSLVSPSISISKNSLEIAMIIRALASTLSGIFIDPIIEITRNTFF*,534
ycf2,MAKKKKVVRERVRGPYFSSEVWDFLEVDALNYFSESLGNQHLEELVVSPASTAEPSIRLSDLRFLSSLFFCNLRHSVMRGSSITLEMLMLLTIPIFMHRLSDKNSIEKSFVLTKVINGGDGIRKKQTENSGNFSYDCFLRFKKFLSVGRNGGKGVPAPYHLGSNKDILISAGSSKEEKKICYGVTTSPVFGRWKARITRDYLLFSGDRFKDETEGIQVVRGGRYLQNLLRFFKFYNHLIVSNNGSDCHQNNFDSSLLWKIHHEQDLDLLQAIRLGNDSLSPVVLDPCDKGILKSADSADQRGDGSAFSFEQEAFSNLSSFTSCKKTMLFRNFISGLDYGEDRKNFPVLHAYSQIKNQLISRFTDFLSRIKKSNRILDGEIVIDVGNSIKSEKGFFPSGIRENMPFTKISGKKLRLANSEYFDFNEILPNYFKASLEIPKETTNRNENTNFLNKLKGGGDLDSIYSLVKLYGRNRIIPLYSTYIFLLHDYLCALSTEYFYQIKYWLDGWTGEYTSVTRIATDQTVFKWKDDVERLLNESVTFRIHECRNVQSNVHRWLDTTGDLSFSPVEKFLGEAMKYDLEELICRVSIVESKLLNNTGVSLRSTNQHTKKYFHRFLNVLFLSEMIVAEAIRQKTLIDTIDYCIEKLDDIDFEKLNKMSRIELDFLSSLFGGYIDEQILFLKTILEERKSFFIESRLLRSEKSVGSSAALKPASNSTFPGLPRIEAIRAGFSSEALSITGRQIWNLFLYDLSREGNSIRNIGGGIPKSISDQMDKINDSPIRSRAGYNFIPRIERGFFIGKCNSSYLDVLENFSVGSHEKAISSDIISFIHPQLSDSLSSNFSKQTAGKVAGHLLTPIQFILPNLHESATIVTHLDGLPNSISDLNGLLASLSSSLREGTDSFLSLCSNDRVSLEKASVNSDSWSDHQQSQPRRNLILDRVNSEKFVEDGLDSRNGSTRNRVYQNGLSTEYFWEPEELDTPYWSLRFSLCNDVTSRFVAGSIGKEVPREDTGFADSSAREEATGPSHFINFNELSKDLNGYKISWIFWKDSIGKKWSLLIDYIPLFFTPTWWRYFCDLIRETYPEIVLKISYDSNQDLPRISERIAEDLVGGAKGYLLRSLQRIGLRFGNNSINTILPEKDLLILEKIPDEADMLHPGEWSVSQFSNRPISYCCILSILFALALLKHPLSAVSGSNSFHSWKRFDTIEYLTDPMRGSYLKKVMYSPPTSQMLTRDLLIHSLNRFLNCVSNIIFFLLVKNELDSWIFRRESSDILDSNKELLTQYLVTTKILYRYASKSKSNYDLLSNNIFHEPYPQERSNVLAYLLQFWQNDLLGHKIRKLDPAEKWAFSALGRNILLSATTRRGDSLLNMPCGDIPISLQSGLLPSRGILLVGPIETGRSSIIRDVAFNSYFPVVKLPLKKFIYNRSFFNNVRGNFISKESVHRLNIVFEIAREMSPCTLWIQDIHELNIHRSYNKLEADPKFLLCQILKSIGHKLGNSNIRKNVVIATTHVPARIDPASVAPNRLNQLINFRKSNGCQRQKELSILLRIKGFEVGADPPLLESTVSGTAGYSKRDLFFLANEALLIGTSKRKKFVCSNAIGLALHRQHSTVSDMGNGMESDSEWEIFSYKMAEATSKNSLIDIYLTNIPFIGRDALKMRFYYLSNWYVEPSITESTIDEFTMFSHLLGLLAELVARDSFQMDMRKRENFIAIDKLVENDLNLACGLLENLSNNLSRSEIYREGSRCSNSFSPPFPIGKPKYCSGVTSSSCSSKSLRRGRLSSLTDFEMQQSPELINSTTDISREITWSHKAWRLRFLRSGTYELMGVLSEPNHLYNLILLYYNQNYIPQQDFEFNKIKGEKSKWREKSGYLFSFEKSVTNVTDNSIKRLENRLDNMLLREQFFELGISGDSSNEYETHCDRFNETTRLFGGRFIWDPMLLFQPDPNIPSSRRNLLPTKELARRLYTIYGMRRQRLQKMSNKKIKNFFLYREDNPKLKPDSSLNRWNNLPSDEEERDSEYIKETSFIDIHLQYPQTFTPVRLGCYTIAEDFPERFLRFRLLVHRNKWMRRNRSPFQDFLIYNMLLETYEYLSNSFRFGKARLDRTMKQFLHESSMS*,98566
ycf2,MAKKKKVVRERVRGPYFSSEVWDFLEVDALNYFSESLGNQHLEELVVSPASTAEPSIRLSDLRFLSSLFFCNLRHSVMRGSSITLEMLMLLTIPIFMHRLSDKNSIEKSFVLTKVINGGDGIRKKQTENSGNFSYDCFLRFKKFLSVGRNGGKGVPAPYHLGSNKDILISAGSSKEEKKICYGVTTSPVFGRWKARITRDYLLFSGDRFKDETEGIQVVRGGRYLQNLLRFFKFYNHLIVSNNGSDCHQNNFDSSLLWKIHHEQDLDLLQAIRLGNDSLSPVVLDPCDKGILKSADSADQRGDGSAFSFEQEAFSNLSSFTSCKKTMLFRNFISGLDYGEDRKNFPVLHAYSQIKNQLISRFTDFLSRIKKSNRILDGEIVIDVGNSIKSEKGFFPSGIRENMPFTKISGKKLRLANSEYFDFNEILPNYFKASLEIPKETTNRNENTNFLNKLKGGGDLDSIYSLVKLYGRNRIIPLYSTYIFLLHDYLCALSTEYFYQIKYWLDGWTGEYTSVTRIATDQTVFKWKDDVERLLNESVTFRIHECRNVQSNVHRWLDTTGDLSFSPVEKFLGEAMKYDLEELICRVSIVESKLLNNTGVSLRSTNQHTKKYFHRFLNVLFLSEMIVAEAIRQKTLIDTIDYCIEKLDDIDFEKLNKMSRIELDFLSSLFGGYIDEQILFLKTILEERKSFFIESRLLRSEKSVGSSAALKPASNSTFPGLPRIEAIRAGFSSEALSITGRQIWNLFLYDLSREGNSIRNIGGGIPKSISDQMDKINDSPIRSRAGYNFIPRIERGFFIGKCNSSYLDVLENFSVGSHEKAISSDIISFIHPQLSDSLSSNFSKQTAGKVAGHLLTPIQFILPNLHESATIVTHLDGLPNSISDLNGLLASLSSSLREGTDSFLSLCSNDRVSLEKASVNSDSWSDHQQSQPRRNLILDRVNSEKFVEDGLDSRNGSTRNRVYQNGLSTEYFWEPEELDTPYWSLRFSLCNDVTSRFVAGSIGKEVPREDTGFADSSAREEATGPSHFINFNELSKDLNGYKISWIFWKDSIGKKWSLLIDYIPLFFTPTWWRYFCDLIRETYPEIVLKISYDSNQDLPRISERIAEDLVGGAKGYLLRSLQRIGLRFGNNSINTILPEKDLLILEKIPDEADMLHPGEWSVSQFSNRPISYCCILSILFALALLKHPLSAVSGSNSFHSWKRFDTIEYLTDPMRGSYLKKVMYSPPTSQMLTRDLLIHSLNRFLNCVSNIIFFLLVKNELDSWIFRRESSDILDSNKELLTQYLVTTKILYRYASKSKSNYDLLSNNIFHEPYPQERSNVLAYLLQFWQNDLLGHKIRKLDPAEKWAFSALGRNILLSATTRRGDSLLNMPCGDIPISLQSGLLPSRGILLVGPIETGRSSIIRDVAFNSYFPVVKLPLKKFIYNRSFFNNVRGNFISKESVHRLNIVFEIAREMSPCTLWIQDIHELNIHRSYNKLEADPKFLLCQILKSIGHKLGNSNIRKNVVIATTHVPARIDPASVAPNRLNQLINFRKSNGCQRQKELSILLRIKGFEVGADPPLLESTVSGTAGYSKRDLFFLANEALLIGTSKRKKFVCSNAIGLALHRQHSTVSDMGNGMESDSEWEIFSYKMAEATSKNSLIDIYLTNIPFIGRDALKMRFYYLSNWYVEPSITESTIDEFTMFSHLLGLLAELVARDSFQMDMRKRENFIAIDKLVENDLNLACGLLENLSNNLSRSEIYREGSRCSNSFSPPFPIGKPKYCSGVTSSSCSSKSLRRGRLSSLTDFEMQQSPELINSTTDISREITWSHKAWRLRFLRSGTYELMGVLSEPNHLYNLILLYYNQNYIPQQDFEFNKIKGEKSKWREKSGYLFSFEKSVTNVTDNSIKRLENRLDNMLLREQFFELGISGDSSNEYETHCDRFNETTRLFGGRFIWDPMLLFQPDPNIPSSRRNLLPTKELARRLYTIYGMRRQRLQKMSNKKIKNFFLYREDNPKLKPDSSLNRWNNLPSDEEERDSEYIKETSFIDIHLQYPQTFTPVRLGCYTIAEDFPERFLRFRLLVHRNKWMRRNRSPFQDFLIYNMLLETYEYLSNSFRFGKARLDRTMKQFLHESSMS*,128660
ycf1,MNTNILLLLSWTKLISPYILLGLYYGLLATLPVGPPQILCVRSFLLGGNLYGLVSLSGSMLAQLVTISSIYCSPIYLVLSRPHVLTVFAIPYMLLFCLIIKDFPNYQILRPVTLLRDSRVVRLFLISFLFQILNPILLPNPVLTRLTYLLFFRYSTSKVFLIATFMGWLTGQIAFNYLSRLLWTRVERDLPMLYLLAKRSIYTTFSIVFAVNAVAYLGRAPVSFWTKKFMNESQDKEMSFWEIAEYSDLLWWFFKPWPISFFDPSRGNRGNRFVKNCRSNIDSSFYRGRTSTYFFEKCLTDGKERLSFAALPSLSIFEKQIYRSMVKSRRSVNTHFLTQNWISEKLARTKSFQKELTDRIDLLDTGSFFSKAMGKKIRLTGGKRKRIPQTYDPFVNNSRIRIPVPQTFLIADELGLTRWEWDELEAGKRSKNRKGIAKKNVLKVWISAKNWKTLQGNEITLPWETLPVRSRRIFQFIFKNRVLYDYEVQKILNKIKYSSKPNVTWEEIMDLDYEDRLLFLTYLQKGRCHRIDRMSAFKTFLVSDSKILLNPDKKIRRLHKVEDLSMDLARNIALYFDNDFDVPGGDGDFRYRKLRNVGITSARGKPRSAKLVKRYAKVSDFRRKFLKGSMRSRRRKTLLWKALQGKIRSSFFLRSAEVPIFFQPPIDRLITSSLKARFDELEKDTDYELGQQLLNTFSSAEKNLIGESKLVRSAVAARSDIGPIHNGRGYMLVFQSRFRKFIKLPVLIILKSISRILFRQNSEWNKDWTKWRKEIHINCTFDGEEFSQDELPPRWLREGIQIKIVYPFRLKPWYTDESRKQQILRKKHMEAGFSKKQELTNKRRLKRKRPKFTYLTVLGYQTDVPFGTIQKETSFWKPVRKKLIQICKRGLPCQIKHTYQFIDSKFNLQKILKTNLTTSNELNFLFNFGQVRKVPSDFGSERKDWMKTSSTNYIGEMVKPEYDMIMRTSQSIAIGGEMYPASITEKQFVAKEQVRKEFVAGGIAVGLVKPLDKKVESDQPNPEKILVDPAPVNIVLIDKNFINSGKSERKQPVDFGELILNLCLFGEEAVEEFVSVVINLFFTIDRVFVHYFNEFVAFYTHLIRVLSNINWENNLLLRNRFPRLNSSSQARLYADIWDIGMGKDLNLNMLVSSSGISNSNCEKINKRSDICIHSNGVSNLNQPEIYVEETPVHYDSIATKFPSLEKKSNSVTNLTICFDRRTDKTTNESFDDNIVKYMEKRGFLNKFCNLNEKNWNEWLEYLYRYNLPLAVWRNIAPQKWKVRLNEFSNIETNTANKLRHNVSRSKLHSYSIYAKKLFLRDQIRNFSKLRKHRNLLQNLADFVQNGDVQNLSAQENVIKQKFQRKNRIRRISREEGNRFGKFVHFPNSRAEKKLNLQFDLMPWLNLNVAKMKDFSNFKKKTKGLKNLMLKDNDQSDLVLDINGSLQKVSDELYEVMSDEREDADYIFRWKWKFEAELDNFRNLIALTRMLGDDQDLVTLCANTEINSDLLNLHLNSTTKLDLLHNLSIISAHRLALVFDDQDLLYKIINPMLKFKSRLRSRAKRRLYRNVYNDSYISKLLHILTEHNYKKSRIYNIDDLLLPRRRREFRFLRCLLISRNSDLVIYSSHLISEIEKTFNVEKQHPPYLLEPNGIQKIKRFLWPSHRLEEVACAGRFCLGVTTGSRFAALRIRMYPLTSS*,119703
rpoC2,MTERNELPFCNKTMDRVAMKRLIGKLVVCFGIASTTNILDQVKVLGFKQATKASVSPGIDDLSAVPTRGWLVRDAEKQGYVSEQHYRCGSLHAIEKLRQSIEAWYATSECSKREMNPSFKMIDPLNPVHMMSFSGARGTISQVHQLLGMRGLMSDPRGQVIDLPIRRNLREGLSLTEYIISRYGARKGVVDTAVRTSDAGYLTRRLVEVVQHIAIRKKDCETAKSLAFLNIGKQKRGFIGTMSHQGLVGRVLADHVYWDARCVATRNQDISDGVASNLVASLQPIHVRSPLTCRSIFRICQLRYGWSLAHYDLVELGEAVGIIAGQSIGEPGTQLTPRTFHTGGVFTGDIAEYVRIPFNGLINSDEKLVHPTRTRHGHPAWMCQNDLPLLIDSYGDTHDSVIPAQSLLMIRNGQYVESQQIIAEVRAKEFPPKERIQKPIYPNSRGEIHWSKFIWHVRDSICNTARLVQEASHIWILSGSSIDFDGNFFFHKDQDRVGIEPHPIGKRRSHPEKIVETEAGANNCVGLRKGIQEFGADPKCFSSWSKRPKSNYILSNIGVERAELGKSVSLLFERRRKNLNGLHFGSINVQLNNVLDKGHIFAIYEDFEYRTALSGVMKYGTIEIEPVNLKRLRFDGETERKSFCSCLVKIGNFFSIPKKVSLTHEPPSSILVKTQTSAEEGAWITSNVTAKTTGLIRMGETSADATTIKILPGYIYNPKKLANIARRDNTLVAPVNRIFDEIKVKNWVYFQPVLFCGKRKNSVLVTPVAEYAVSSESLAQVPSGFDKPKTQRRAKAEALSFICCRNDENFEVINHTAIQLVRTRLMIEWQRYLHETLPGKRNYLSLISVKISHLLHTFLQVNLMMSPPTRRRVGVNQLFQESTPIGKPSPAQIDTSNSCRESVVNYQSIIHLAPESAASFLILSPLNFSRNDSFADSSGSGYEKEIEEYFHRSELERSGFVRISGNEKNISLNSEYKSILKASANPNVKGGLIKTRRASSNLGQREAEQVGLVGTSRPISCLLIPHHFSFKAFSRKKCFANYSTDKLRHQNIYLIDENKLLLKCPRNPFFKKSLLDKPIYLPPKVFSREIMLVSLGLPINEGRYLHKDRACMKSGQVTAVHQNYSLVRTGKTLLVTRGANPHKISGDIIEEGDTLITLPYDRLKSGDITQGLPKVEQLLESRSIASIPAGIENLFGRWCRSITKLIGNPWSHLLSAGRSMEHCQLVLIDQIREVYESQGVQICDKHLEIIVCQLTSRVVASEDGVTNVFLPGELVELSQAERMNRVLRRSIFYEPIVLGMTKASLNTTSFPAEASFQETTRVLAKAALRGRIDWLKGLKENVVLGDAVPVGTGSPEIACQLKVNKQKESHLANRGSKNSKWATGLCGHRKKRDFDLSFVSRKELSRSLPCLHFEM*,16355
rpoB,MPVLPELARIQFEGFSRFVHKRLLEELENFPKIEDTDKEVEFRSIGNRYQLAEPSVEEKDAAYQCITYSADPYVPVQLICDENRVVQEEDVRLGSIPWMTSRGTFVINGIARVLVNQILRSPGIYYNRESDQKGLPAYTSTVISDWGGRFKPEMDRRDKIWVRISKKRKISILILLVSMGLGKRDILQNARYPKIFPNMWKKQKEIIESPEDAIAELYKHPYSAADANVSFSESIFKELQKRFFQHRCELGRIGRRNPNIKLTLDVPETEYFLLPQDILAAADHSIEISYGKGKLDDIDHLKNRRVRSVADLLQEQLKLAPNRLENSIRQNLSRAVRRKRAITPRGLVTPAPVIAAFKEFSGSHPLSQFLDQTNPLSEMVHKRRLSSVGPGGLTRRTASFQARDIHFSHYGRICPIETSEGMNAGLISSLAIQAGVSNSGSLQSPYLEMSDSSGEEQLVDLSPAEDDYYRIATENLLLPDWRASERELIPVRYQQEFLSVPWEQVDFRSIHPLHHFSIGASLIPFIEHNDANRALMGSTMQRQAVPLVKPERCIVGTGLESQVALDSGSVAISGRGGKIRYIDGNKIELSAIHEARSNESAPLILSNELKIYERSNNNTCMHQKPAVSLGELLRSGEIVADGAATARGEPALGRNILVAYMPWEGYNFEDAVLISERLIYEDIFTSFHIEKHEVEICATNQGPERVTKQIPQVDSHALRHLDDNGLVELGSWVEAGDVSVGKLTPQEGASSSRVPEGRSLQAIFGIQLVNARESCLKVPIGGRGRVTDVRWVYPEDDTTNDSEVIHIYILQRRKIQVGDKIAGRHGNKGIVSKILPRQDMPYLQDGTPVDMILSPLGVPSRMNVGQIFECLLGLAGEFPETHYRIVPFDERYEREASRKLVFAELHEAGARTNNPWLFEPSHPGKSRLIDGRTGDPFGQPITTGKAYIMKLIHQVDDKIHARSSGPYALVTQQPLKGKSRRGGQRVGEMEVWASEGFGVSYTLQEMLTTKSDHIQARYKVPSAIMTGRPVHKPNTVPESFRLLVRELRRMGLNLERNFLIEENLGREFENI*,23551
rpoC1,MIHRTNYQQLRIGLASPEHIRSWAERELPNGDVVGQVDQPYTLHYKTHKPERNGSFCERIFGPIRSGICACGNYRSVSSEEKYSRFCKHCGVEFTDSRVRRYRMGYVKLACPVTHVWFLKRIPSYIANLLAKPLKELESPVYCDLFLARPVAERPTILRLRGLFNYEDRSWRNILPTFLSTRNYETLQRNEIATGGDAIKKGLASLDLQSFLDRAYLEWQVSARQKPVGIEWEDRTIQRRKDLLIRRIKLAKDFLRTNLKPEWMVLDFIPVLPPELRPIVELYEGELVTSDLNELYRKIIYRNNTLIEFLSGSEFTPEGLIVCQKRLVQEAVDALIDSGIRGQPTRDIHNRPYKSFSEVIEGKEGRFRENLLGKRVDYSGRSVIVVGPSLSLHQCGLPREMSIEPFQAFVIRNLIGRHLACNLRAAKCMIRKRDPIIWEVLQEVMRGHPVLLNRAPTLHRLGIQAFQPILIEGRAIRLHPLVRGGSNADLDGDQMAVHVPLSIEAQVEARLLMFSHINLLSPATGDPVSVPSQDMLLGLYALTIENRQGIYRNRHPVFIDGADVYPEKIPYFGSYCDLVRAKESKQVDFSSLLWLRWKIDLQIISSKIRELPFESQYESLGTSFHIYENYQIRKCKHEYISSIYVLTTAGRILFNQQLKEAVQGVSKNSSPYTTSSMPSMSTLARPTNSNEE*,23073
psaA,MTIRSPEPEVKIMVEKDPVKTSFERWAQPGHFSRNLAKGPSTTTWIWNLHADAHDFDSHTNDLEDISRKIFSAHFGQLAIIFIWLSGMYFHGARFSNYEAWLNDPTHVKPSAQVVWPIVGQEILNGDVGGGFQGVQITSGFFQLWRASGITSELQLYCTAVGALVFAGLMFFAGWFHYHKAAPKLAWFQNVESMLNHHLAGLLGLGSLAWAGHQIHVSLPINQLLDAGVDPEEIPLPHELILNRDLLAQMYPSFAKGLIPFFTLNWSEYSDFLTFRGGLNPVTGGLWLTDAAHHHLAIAILFLVAGHMYRTNWGIGHSTKEILEAHKGPFTGEGHKGIHEILTSSWHAQLAINLAILGSLTIIVSHHMYAMPPYPYLATDYATQLSLFTHHMWIGGFLVVGAAAHAAIFVVRDYDPTTQYNNLLDRVIRHRDAIISHLNWVCIFLGFHSFGLYIHNDTMSALGRPQDMFSDTAIQLQPIFAQWVQNTHALAPGSTAPNAAASTSLAWGGSNLVTVAGKVALAPIPLGTADFLVHHIHAFTIHVTVLILLKGVLFARSSRLIPDKANLGFRFPCDGPGRGGTCQVSAWDHVFLGLFWMYNSISVVIFHFSWKMQSDVWGSVSEQGAVNHITGGNFAQSSTTINGWLRDFLWAQASQVIQSYGSSLSAYGLLFLGAHFVWAFSLMFLFSGRGYWQELIESIVWAHNKLKVAPVTQPRALSIIQGRAVGVTHYLLGGIATTWAFFLARIIAVG*,38600
psaB,MASRFPKFSQGLSQDPTTRRIWFGIATAHDFESHDDTTEERLYQKIFASHFGQLAIIFIWTSGNLFHVAWQGNFETWVQDPLHVRPIAHAIWDPHFGQPAVEAYTRGGAAGPVNIAYSGVYQWWYTIGLRNNQDLYTGSIFLLAIAASFLLASWLHLQPKWKPSISWFKNAESRLNHHLSGLFGVSSLAWTGHLVHVAIPEARGGHVRWNDLLTTAPHPQGLGPFFSGQWSVYAQNPDSNTHLFNSTQGAGTAISTFLGGFHPQTQSLWLTDIAHHHLAIAVVFVIAGHTYRTNFGIGHSMKEILDAHIPPGGRLGRGHKGLYDTVNNSLHFQLGLALAALGVITSLVAQHMYSLPAYAFIAQDYTTQAALYTHHQYIAGFIMAGAFAHGAIFFLRDYDPAQNRDNVLARMLEHKEAIISHLSWASLFLGFHTLGLYVHNDVMVAFGTPEKQILIEPVFAQWIQSAHGKALYSFDVLLSSADSPASNAGRGLWLPGWLDAINSSSNSLFLTIGPGDFLVHHAIALGLHTTTLILVKGALDARGSKLMPDKKEFGYSFPCDGPGRGGTCDISAWDAFYLAVFWMLNTIGWVTFYWHWKHITLWQGNAAQFNESSTYLMGWLRDYLRLNSSQLINGYNPFGMNSLSVWAWMFLFGHLVWATGFMFLISWRGYWQELIETLAWAHERTPLANVIRWRDKPVALSIVQARLVGLAHFSVGYIFTYAAFLIASTAGKFG*,36370
ndhF,MKLSTEYALIIPLCPLVASCCTGSLAFFFPEATAGLRRLCALFNTFSLATAMLVSLALLREQLVNRSIQQYFWVWIPRSDFCVKLGVLVDPLTLIMSLLVTTIGVPVMIYSDSYMCHDRGYVRFYAYLSLFTASMSGSVFSPNLVQLYVFWELVGMCSYLLVGFWFVRSSAANACQKAFVTNRIGDFGLLLGILGIYWTTGSFEISELCDRFIELEEAGFVNSIFANIIALLLLLGPVAKSAQFPLHVWLPDAMEGPTPISALIHAATMVAAGIFLIARLFNLISMLFPAMCVISWVGGVTAFLGATLALAQKDLKKSLAYSTMSQLGYMVSALGIGAYRPALFHLVTHAYSKALLFLGAGSVIHSIEKVVGYSPDKSQNMFFMGGLRRYMPITGTTFLSGTLSLSGIPPLACFWSKDEIIAESWLHSPFLGLVASSTASLTAFYMFRIHLLTFEGDLRSNETDWTDFNNSHSFSRSINFWGEDELELSINQISQNAASVQYRVAKAKRLFSVHLTDSKESPPAHSGRSLPKPKESGFAMTLPLVTLAIPTTLVGLVGIDLAEKTTGFNLIPGWWILPSHFVEISKYFEVLAKILVNSSGSLGLSFLGIFIALNIYGQTNILDDKTDFTGSNMVGTNLISPFRRFVQSWSLNRGYVDYYYDIFFVRSLTFFSKLVSNFDRRVIDGFVNTAGASNLFAGEGIRYGGNGRVSHYLFVLLLGIILLILLINNIPPFP*,106087
ndhA,MIIGTEFNGKRLVDLFNKLEIATNLSESIWIFAYTLILVLGVTMGVSVIAWLERKVSAGVQQRIGPEYAGPLGIIQSLADGIKLLLKEDVVPAKGNVWLFTAGPAVVVTPVFIAYLVIPFGQHIILSDSGIGVFFWIAISSIVPLGLLMAGYGSNNKYSFSGGLRAAAQSISYEIPLAPCVLSISLLSGSLSTVDIVETQSKYGLLGWNLWRQPIGFIAFFISSLAECERLPFDLPEAEEELVAGYQTEYSGIKFGLFYVGSHLNLSVSSPFVAVLYSGGWNSPIPFFENLGQNVSTSSGIDESFSTLRPVIEVAITLSKSYFYLFISILTRRTLPRVRMDQLLDLGWKFLPPIASGNLLLTASFRILLIN*,117256
clpP,MPIGVPKVPFRLPGEEDAVRVDVYNRLYRERLLFLGQQVDDEIANQLIGIMMYLNGEDQAKDMYLYVNSPGGAVLAGISVYDAMQFVVPDVHTICMGLAASMGSSILAGGEITRRIALPHARVMIHQPASSYYDGQAGECVMEAEEASKLRDCITRVYAQRTGKPLWIISEDMERDVFSSAEEAQDYGVADLVALENVSR*,67932
ycf3,MPRSQRNDNFIDKTFTILADILTQILPTTKREREAFIYYRDGMSAQSEGEYAEALRSYYKAMRLEIDSYDRSYILHNVGLIHTSNGKHAKALEYYFQAPERNSFLPQAFNNMAVIRHHRGEQAIERGDLEISEAWFDQAAEYWRRAIALSPDNYVEAQNRPKITGRSSPSHKWERQNNRTENI*,42929
rpl2,MALRSYETYTPSSRSRSTLYLVQPTGRKPCKKLTHGKIPRNGRNSAGIITSRHRGGAHKRLYRKIDFRRNKLDVAGRVASIEYDPNRNASICLVNYIDGEKRYILHARGMGIGDIVTSGPDASISVGNALPLTKMPLGTTIHNIELKFGKGGQLVRAAGAVAKVVAKEGRLATLRLPSGEIRLVPQNCLASVGRIGNIDINNKSLGKAGSKRWLGERPKVRGSAMNPVDHPHGGGEGRTSIGRKKPSTPWGHVALGKRSRGKRYSNPLILRRRRGS*,81813
chlB,MKLAHRMYAGPAHIGTLRVASSFRNVHAIMHAPLGDDHFNVMRSMSERERDFTPVTASVVDRHVLARGSRDKVVSNISRKDEEQRPDLIVLTPTCTSSILQEDLQNFVDRASLYSESDVILADVNHYRVNELQASDKTLEQIVRHYLDKARKEGISNRSLTDSPSANIIGISTPGFHNQHDCRELKRLPRESGVSINQIIPEGEFLRNLKDLPRAWFNTVPYREMGLMAATFLEKEYGMPYLSTTPIGISNTADFIVQIGKLINLWAPILLRKKLNYDLYVENQTKFVSQAAWFSKSIDCQNLAGKEAAVSGDATHAASITKILVGEMGIRVSCSGTYCKHDAERFNEQVRGLCDEVIITEDHTEVGDTIARIEPSVIFGTQMERHIGKRIDIPCGVISSPVHIQNFPPGYRPFLGYEGTNQISDLIYNSFNLGMEDHSLDVFGGHDTKGISTKSLSTDKKNIDWAPEAESEPKKIPGFVRGKIKRNTEVFAKQNNISEITVDVTYAAKERSSS*,4881
psbB,MGLPWYRVHTVVLNDPGRLISVHLMHTALVSGWAGSMASYELAVFDPSDPVLDPMWRQGMFVIPFMTRIGITKSWGGWSITGDTATDAGIWSYEGVAAAHIILSGLLFLAAIWHWVYWDLDLFRDDRTGKPSLDLPKIFGIHLFLSGVLCFAFGAFHVTGLFGPGIWVSDPYGLTGKVEPIDPAWGAEGFDPFIPGGVASHHIAAGVLGILAGLFHLSVRPPQRLYKALRMGNVETVLSSSIAAVFFAAFVVSGTMWYGSATTPIELFGPTRYQWDQGYFQQEIERRIRSGEAENLSLSQVWSKIPEKLAFYDYIGNNPAKGGLFRAGAMDNGDGIAVGWLGHAVFKDREGHELFVRRMPTFFETFPVVLVDGEGVVRADVPFRRAESKYSVEQVGVTVEFFGGELDGASFSDPATVKKYARRAQLGEIFEFDRATLKSDGVFRSSPRGWFTFGHATFALIFFFGHIWHGARTLFRDVFAGIDPDLDAQVEFGAFQKLGDPSTRRQAV*,68511
atpA,MVINIQPDEISSIIRKQIEGYVPEMKVVNIGTVLQVGDGIARIHGLNEVMAGELVESEDGTVGIASNPESDNVGAVPTGDGLTIQEGGSVRATGKIAQIPVSDSSLGRVVNALAQPIDGKGQIPASEFRSIESPAPGIISRRSVYEPLQTGLIAIDSMIPIGRGQRELIIGDRQTGKTAVATDTILNQKGQNVICVYVAIGQKASSVAQVVDTFQERGAMEYTIVVSETANSPATLQYLAPYTGAALAEYFMYRKQHTLIIYDDLSKQAQAYRQMSLLLRRPPGREAYPGDVFYLHSRLLERAAKLSSQLGEGSMTALPIVETQAGDVSAYIPTNVISITDGQTFLSADLFNAGIRPAINVGISVSRVGSAAQIKAMKQVAGKLKLELAQSAELEAFAQFASDLDKTTQNQLARGQRLRELLKQSQSAPLSVEEQVATIYTGVNGYLDVSDVEQVKRFLVQLREYVTTNKPSFGEIIRSTKVSTEQAEAILKEAIKESTELFLLQER*,10264
cemA,MKSCHWKRKILRWFFNTPNRSSDRAYEASKHLQPDSLFFTQLKSFSSTAGDLSRARAAFKTTVSNKSRYVICCSLLEHRFSLFILGIQRYSRIFSRTEPLRLFSSKRWGSYLHYGDDYPVESCLDTFPHKLLDTPIPQKRSPGSRSNYYMDNEAGNGGGRVNGLSEYELESDSASVSESIYYKLNNLEKMNRKLAWIEAISNDFSFRGKLYSRQIFPFRTKKKLIEESLHCELAVSRHTPVAYESISLVPRSVTRTLSRFKAELTNRSSILVQNDFDLAKNQASVSLRYVGFFFLLPLSLRVAIENWVLEPWIRGWWNILQIQVFLNPFQEEKALRQLREVEALIWLDDVIRNLGDTQLQNFDANARDESTRLAMMYDEPNIQLLLQLATDTISIATSILIVILGRKRLAVLNSRIQESFYSLNDTMKAFSILLLTDLCLGFHSPHGWEILVESLFEHFGLTPNKYVIPRFVSTFPVILDTPFKYWISRHLNRTSPSIVATYHTMSE*,56822
ndhD,MISNVPRLTLIVSFPILAGLIIPILPGDGNRVTRWYTPGICILEFLPITYISYCHFQFDSQSIQLLETFSWVKSIHFHWSLGIDGLSMGLVILTGFVTTLATSAAWPITRNTRLFYFLMLIMYGGQIGLLVSRDILLFFFMWELELIPVYLLLCLWGGKRRLYSATKFILYTAGGSIFLLVAALSMSFCGSEIPSFDIQDSMRKSYPLSLEVLIYIGFLVAYAVKLPIFPFHTWLPDTHGEAHYSTCMLLAGVLLKMGGYGLIRINLKLLTHAHFLLGSWMMLLGAIQIIYASLISMNERNLKRRIAYSSISHMGFVSIGIGSLADAGINGAILQMISHGLIGAALFFLAGTCYDRTRTYLLDQLGGIAIPMPKLFTMFSLFSLASLALPGMSGFVSELLVFLGVVTSRQYSSAYKAGITLLEAIGTVLTPIYLLSMLRRIFYGYRVFDKSNPYSIDPGPRELFILICFLFPILGIGSYPNLILPIWSNEVFSLLLPYFNMTK*,111745
matK,MKATYESFTKSGALQKNEELNTKKGCLLHLSPFLFEENFYLMEGKRRSHGPNMNLVSEAWSTVAVKRLICSMRDQNYSKIVNSGFVRNQTDTLHADLYFHPLKKIICLTLDISLFYRMGEKTSSSLKMSQSIHSIFLFLEDRFPKSNHVLEIDLPQTFHLETLIRLFRRQIKDVSFPHLIRIVFYKDKFFCGKTIHFRNEGQKRSIDILFRNFYSSEIDSLLLIPWKQVCKSRVNYFPSIDRCNITRKERHVYAYEFNFDTAGVDSHFTRSSCIHYGRYRNKFIIVFEGTRYFVKKCLYYFSTLLKHHFHYWTEFDEPRLKLLSISCVSFLGYTLIARLVSKNVRIESAVGSYISILGVKKFHPKVPNSIITKILAKHKFCDMSGRPAGKAAWAILPDDEILNEYVQLWQVFSLYYGASMNQDRLRRLKYILQISCDSTLAGKHRSTIRLLRRKFNLETLNQFFVFSKSEPSNNRRVWRSTLIRFVLAQFAVLEIWLQEN*,1465
NA,MGEVYDWFEERLEIQAIADDITSKYVPPHVNIFYCLGGITLTRFLVQVATGFAMTFYHRPTVTEAFSSVQYTMTEVNFGRLIRSVHRWSASMMVLMMIPHVFRVYLTGGFKKPRELTRVTGVILAVLTVSFGVTGYSLPWDQIGYWAVKIVTGVPEAIPLIGSSLVELLRGSVSVGQSTLTRFYSLHTFVLPLLTAVFTPMHFLMIRKQGIPGPLQFMQKSARNK*,71087
atpB,MKTSSLLFEISELVEKNVGYITQIIGPVLDVAFSPGEMPNIYNSLVIKGRNSAGQEINVTCEVQQLLGNNEVRAVATSATDGLMRGMGAVDTGAPLSVPVGETTLGRIFNVLGEPVDNLGPVRNSTTFPIHRSAPAFTQLDTKLSIFETGIKVVDLLAPYRRGGKIGLFGGAGVGKTVLIMESINNIAKAHGGVSVSGGVGERTREGNDLYMEMKESKVINEQNISESKVALVYGQMNEPPGARMRVGPTAPTMAEYFRDINKQDVLLFIDNIFRFVQAGSEVSALLGRMPSAVGYQPTLGTEMGSLQERITSTKEGSITSIQAVYVPADDLTDPAPATTFAHLDATTVLSRGLAAKGIYPAVDPLDSTSTMLQPWIVGEEHYETAQGVKQTLQRYKELQDIIAILGLDELSEEDRLTVARARKIERFLSQPFFVAEVFTGSPGKYVSLPETIKGFQMILPGELDNLPEQASYPVGNIDEAAEKAAALQAGGQ*,50234
rbcL,MSPQTETKAGVGFKAGVKDYRLTYYTPEYKTKDTDILAAFRMTPQPGVPAEEAGAAVAAESSTGTWTTVWTDGLTSLDRYKGRCYDIEPVAGEENQYIAYVAYPLDLFEEGSVTNMLTSIVGNVFGFKALRALRLEDLRIPPAYSKTFMGPPHGIQVERDKLNKYGRPLLGCTIKPKLGLSAKNYGRAVYECLRGGLDFTKDDENVNSQPFMRWRDRFLFVAEALFKSQAETGEIKGHYLNATAGTCEEMMKRAIFARELGVPIVMHDYLTGGFTANTSLAFYCRDNGLLLHIHRAMHAVIDRQKNHGMHFRVLAKALRMSGGDHIHAGTVVGKLEGEREVTLGFVDLLRDDYIEKDRSRGIYFTQDWVSMPGVFPVASGGIHVWHMPALTEIFGDDSVLQFGGGTLGHPWGNAPGAVANRVALEACVQARNEGRDLAREGNEIIREASKWSPELAAACEIWKAIKFEFETIDTL*,52340
psbC,MKILYSPRRFYPVETLFNGTLSLGGRDQETTGFAWWAGNARLINLSGKLLGAHVAHAGLIVFWAGAMNLFEVAHFVSEKPMYEQGLILLPHLATLGWGVGPGGEVTDTFPYFVSGVLHLISSAVLGFGGIYHALIGPETLEESFPFFGYTWKDKNKMTTILGIHLILLGLGAFLLVFKALYFGGLYDTWAPGGGDVREITNLTLNPNIIFGYLLKSPFGGEGWIASVDNLEDIIGGHVWLGSICIFGGIWHILTKPFAWARRAFVWSGEAYLSYSLGALAIFGFTACCFVWFNNTAYPSEFYGPTGPEASQAQAFTFLVRDQRLGANIGSAQGPTGLGKYLMRSPTGEIIFGGETMRFWDLRAPWLEPLRGPNGLDLGKLKKDIQPWQERRSAEYMTHAPLGSLNSVGGVATEINAVNYVSPRSWLATSHFVLGFFFFVGHLWHAGRARAAAAGFEKGIDRDTEPVLSMTPLS*,31776
chlN,MKTPETPAFECETGNYHTFCPISCVAWLYQKIEDSFSLVVGTKTCGYFLQNALGVMIFAEPRYAMAELEEGDISAQLNDQKELEKICLQIRDDRNPSVIIWIGTCTTEIIKMDLEGIAPKLERQIGIPIVVARANGLDYAFTQGEDTVLAAMAHRCPEYKRCETNWKSQGDFGRIKINTTSNKQNPSQRSELTRSNLVLFGSLPSSVASQLNSESKRQSIFISGWLPSQKYNELPGLGEDVYVCGVNPFLSRTATTLMRRRKCQLVGAPFPIGPDGTRAWIEKICSVFNLKPDGLEEKENRIWKNIEDYIRVVTGKSVFFMGDNLLEISLARFLIRCGMIVYEIGIPYMDRRYQAAELLLLQHTCRKMKTPLPRIVEKPDNYGQVQRMHELKPHLAITGMAHANPLEARNIDTKWSVEFTFAQIHGSGNARDILELVTRPLRCKGGLTSSSRSLSKQTTRI*,125163
atpF,MRSISEIVTPSSYWAPAGNIGLNTNIFEINLINLVLVLGILFYYGKGVLINFLENRERTISNTIRDADERHTEATEKLRRARIRLQQAEIKADEIRISGLTQMDKERRDLVDAADNDLKGLEDSKNYAIRFEKQRAIEQVRQQVSRLASERALESLNSRLTNELHLRMIDYHIGLFRAMSNKSA*,13006
petD,MGVKKPDLNDPVSRAKLAKGMGHNYYGEPAWPNDLSYIFPVVILGTFACTVGLAVLEPSMIGEPANPFATPLEILPEWYFFPVFQILRTVPNKLLGVLPMASVPAGSLTVPFLENVNKFQNPFRRPIATTVFAIGTAAAIRSGIGATLPIEGSLTLGLFQYLFSIYYIKDIRIQSRE*,72728
ndhH,MGIRLKYVDPVVVSMGPHHPSMHGVLRLVAVPQGENVVDCELILGYLHRGMEKIAENRTTLQYLPYVTRWDYLATMFTEAVAVNAPEKLANIQIPERASYIRVIMLELSRIASHLLWLGPFLADIGAQTPFFYIFREREMIYDLFESATGMRMMHNYFRIGGVAADLPYGWVDKCLDFCQYCLPKIHEYERLITKNPIFLKRVQGVGFISRQEAINWGLSGPSLRASGVQWDLRKIDHYECYDKLDWQIQWHGEGDSLARYLVRIDEMKESINIIQQALKLLPGGPYENLEGRRLVQQRDEMDWSSFNYQFVGKKSSPTLKLPKQEHYVRVEAPKGELGIFLIGDDSVFPWRLKIRPPGFTNLQILPQLIVGMKLADIMTILGSIDIIMGEVDR*,117815
psbD,MTIAIGKSSKEPKDLFDSMDDWLRRDRFVFVGWSGLLLFPTAYFALGGWFTGTTFVTSWYTHGLASSYLEGCNFLTAAVSTPANSLAHSLLLLWGPEAQGDFTRWCQLGGLWTFVALHGSFALIGFMLRQFELARSVQLRPYNAIAFSAPIAVFVSVFLIYPLGQSGWFFAPSFGVAAIFRFILFFQGFHNWTLNPFHMMGVAGVLGAALLCAIHGATVENTLFEDGDGANTFRAFNPTQSEETYSMVTANRFWSQIFGVAFSNKRWLHFFMLFVPVTGLWMSAIGVVGLALNLRAYDFVSQEIRAAEDPEFETFYTKNILLNEGIRAWMAAQDQPHENLVFPEEVLPRGNAL*,33145
psbA,MTATLERRESASLWGRFCDWITSTENRLYIGWFGVLMIPTLLTATSVFIIAFVAAPPVDIDGIREPVSGSLLYGNNIISGAIIPTSAAIGLHFYPIWEAASVDEWLYNGGPYELIVLHFLLGVACYMGREWELSFRLGMRPWIAVAYSAPVAAATAVFLIYPIGQGSFSDGMPLGISGTFNFMIVFQAEHNILMHPFHMLGVAGVFGGSLFSAMHGSLVTSSLIRETTENESANAGYKFGQEEETYNIVAAHGYFGRLIFQYASFNNSRSLHFFLAAWPVVGIWFTALGISTMAFNLNGFNFNQSVVDSQGRVINTWADIINRANLGMEVMHERNAHNFPLDLASVEAPSING*,96748
psbA,MTATLERRESASLWGRFCDWITSTENRLYIGWFGVLMIPTLLTATSVFIIAFVAAPPVDIDGIREPVSGSLLYGNNIISGAIIPTSAAIGLHFYPIWEAASVDEWLYNGGPYELIVLHFLLGVACYMGREWELSFRLGMRPWIAVAYSAPVAAATAVFLIYPIGQGSFSDGMPLGISGTFNFMIVFQAEHNILMHPFHMLGVAGVFGGSLFSAMHGSLVTSSLIRETTENESANAGYKFGQEEETYNIVAAHGYFGRLIFQYASFNNSRSLHFFLAAWPVVGIWFTALGISTMAFNLNGFNFNQSVVDSQGRVINTWADIINRANLGMEVMHERNAHNFPLDLASVEAPSING*,135770
rps16,MVKLRLKRYGRKQRMTYRIVAIDARSRREGKVTREVGFYNPCKEETQLDILAITVLCKSGAKLTETVRDIFRRESLKIT*,4683
rpoA,MLENETSISTQRIQWKCLESKTEGKRLHYGRFVVSPFKRGQASTVGIAMRRALPQEVGGTSITRAKFHGVVHEYSTITGIQETIHDALVNLKEIVLKSDSNDIWEAFLSVMGPKEVTAGDTSLPPRVKAIDNSQYIATITQPISSNIELKIERDCGYRIENSNEYRDGQFPIDAVFMPVRNVNYSIHLFGNGRATQEISFIEIWTNGSPTPHEALSEASKKLIDLLTPFSGVTCRDVSFLEDDKDSSDSMRSPFLQLQFGNACKLEGNLFENMFIDQLELPARAFNCLKRAEIHTIADLLNYSREDLSKIRNFGQKSVDQVSKALWERFAKELPSKKLGLNQ*,74188
petA,MQLTIQNKWMREWWILSLAASISFGELSCPSVSNAYPIFAQQNYENPREATGRIVCANCHLAKKTVDIEVPQSVLPDTVFEAIVKIPYDTWIKQVLANGKKGGLNVGAVLILPEGFELAPLNRIPTEVKEKLGKLSFQSYRPGKENIIVVGPLPGKLYSEIVFPVLSPDPSTNKEAHFLKYPIYVGGNRGRGQIYPDGSRSNNTVYTASATGRIKRIVRKEGKGGYEIIIEESSEGREAIDIVPPGPELIVSEGEFVKADQPLTNNPNVGGFGQGEVEIVLQDPLRVQGLLAFFASVVLAQIFLVLKKKQFEKVQLAEMNF*,58546
ccsA,MTYTRVEYISVHISFLMLFFVTLSNLINLFYEVDRFNHFSKNSMTIASFRTTGFTIIRCLQTSHLPLGNLYESLMFLSWGFSLLYPISNVGNKNGLSGAVLAPSAMLTHAFATSSLPHNMQQSTLLVPASQSHWLMMHVSTTSISYATSLCGSLLAIVLLSLFYGEVDSDSVVNLKHNFKKSISWPNYRTTIKTDAQNSLYLLLLNSKKCQLINYLDKWAYQTISLGFSLLTIGILSGAVWANEAWGSYWSWDPKETWALITRLIYATYLHTKINEKWMGEGPAAAASVGFFLVWICFLGVNLLGVGLHSYGWLV*,110427
accD,MSVINWFEDKRKFGGLIGAFLEEATRSSAPSEKDRRINVNANKGLWARCDNRGNMLHVKFSRQKKSVCEERGYHLSMSSMERIELSIDPNTWIPMDEDTAARDVLGFSDEDSHENRLLISQEKTGLTDAVQTGIGYPNGTLIALGVMDFHLMGGSMGSVVGEKITRLIEYATQRLLPPVLIRASGGARMQEGTLSLMQMAKISSVLQLHQARKKLLYISVPTYPTTGGVTASFGMLGDIIIAESKAYIAFAGKRVIEQTSRQKIPDGFQAAESLFDNGLLDSIVPRNLLKGVLSEISEPYLSVPYNKN*,54307
rpl16,MQNPRRTKYRKQHKGRLKGISSRGNVVSFGKFALQALEPAWITARQIEAGRRAITRHARRGGKLWIRVFPDKPITMRPAETRMGSGKGSPEYWVAVIKPGRIIYELGGVSEDVAETAMLMAAHKMPIPTRLVISNKL*,78755
chlL,MKIAVYGKGGIGKSTTSCNISIALARRGRKVLQIGCDPKHDSTFTLTGFLIPTIIDTSQVKDYHYEDVWPEDVIYKGYGGVDCVEAGGPPAGAGCGGYVVGETVKLLKESNAFYEYDIISSDVLGDVACGGFAAPLNYADYRIIITDNGFDALFAANRIAASVREKSHTHPLRLAGLIGNRTFDRDLIDKYVEACPMPVLEVLPLVEDIRVSRVKGKTLFEMAEYQPNLNYVCDFHLNIADQILSEPEGVVPKEIPDRELFSLLSDFYLNADSRGGNEIGCNQGDVSLDFTII*,126625
ndhK,MVLTSEHSGENERRKIEYESEDAFLNSVTRLPLQQSVSNSIFLASISDFSNRSRLSSLWPLLYGTSCCFIEFASLIGSRFDFDRYGLVPRSSPRQADLIVTAGTITMKMAPSLVRLYEQMPEPKYVIAMGACTITGGMFSTDSYSTVRGVDKLIPVDIHLPGCPPKPEAITDAVTKLRKKIARDSFGEQASCPTRAKYSSLSHQLCFVSSSHTGKYNRAIQNCDTNLVLTNSPENLEKFANEYDDSISAN*,47082
atpI,MQIEQLQFDEIGNLHQVSSVEVGQHFYWQIGNFQVHAQVLITSRVVIAILLALPAATTRNLRSIPTGTQNFIEYVLESIRDSTRTQMGEEEYRHWVPFIGTMFLFIFVSNWSGALFPWRVIQLPHGELAAPTNDINTTVALALLTSVAYFYAGLHKRGFSYSGKYIQPTPILLPINILEDSTKPLSLSFRLFGNILADELVVAVLVSLVPLIVPVPTTPLGSFTSAIQALISATLAAAYIGESTEDHH*,14567
rps2,MQQKNRNIDLEGMMAAGIHFGHQTQRWNPKMSSYIFTERRGVHILDLTQTARLPSEACDSVFNAAAEGKEFPMVGTKHQVTDLIASAALRSQCHYVNEKWLGGMLTNWVTTETRLRRFQYLQTEEDRGGFDRLPKQEAAILRGQLFRLKKCLGGIQYMSDSPDIATTTDQHEQSTALRECSILGIPTICIVDTDCDPDLVDVPIPGNDDARSSIRWILDKPALAIHEGRSDMKVPEVT*,15515
rps3,MGRKIHPLGFRLGVNQKHYSYWFAQKKDYPKFLEGDRKIRNFVENYIQQHVKNVSNYGGIGHIEIQRKTDLIQIDIHTGFPDLLIEEQSLGISQMKSDLGNILGLGNRNLRVTLTSVTQPYGEPKILAEHVALQLRSRVPFRRTMKKTIELVGRTNGKGIKIQIAGRLNGSEMARVEWAREGRVPLQTVKADISYCYHPAQTIHGVLGIKIWIFRDTQ*,79169
ndhG,MNLPELIHEFVLALVELGILLGSLGAVSFVNTANSAFSPGSVFTCISLLYFVSNADFVAAAQSLIYVGAINVLTVFAVMITDEPTDSSNVAASGVGYLVASGACAILFSALACVIHNTKWFDLTFINRSGITTSGIPGNNVQQLGYKLLGEFVVPFELASILLLVALVGAINPARDEDALLTNKKSSASSPRDNSLFF*,114389
rps4,MRRLKNLPGLAGKDNASNLGEFRVAGDQSASKKISQFCVRLEAKQRLRLNYGLTERQLLKYIRIARKTRGSTGQVPLQLLEMRLDNVIFQLGMASTIPAARQLVNHRHILVNRRIVDIPSYRRKPKDIITIRNRPTSYNAVKVESFGRDEVPDHLTLSISKTNEPTGLVNHMANRESVNLDINELLVVEYHSRKA*,43878
ycf4,MSYRPKWIQIEFIKGSRTFANSCWACILVCGATGFLLVGFSSCIGEDLIPRLSSKQIAFIPQGLVMCFYGIAGLFLGLYLWCTVFWNVGGGYNYFDRREGISSIFRWGFPGKNRRIHVRLILGDIEAVGLKSQEGFFPSRVLYLKVRGRRSIPLIRIGENSTLEDMEEKAAELARFLRVSIEGF*,56061
ndhJ,MNTVDKDKFNLETRGRLSVWLTKHKFSHRPLGYDYRGVEILQVKPEEWLSIAVAPYAYGFNYLRSQCAYDATPGGSLVSVYHLTQMKDHSDQPEEICAKVFVSRTNPQIPSVYWVWKSADFQERESYDMLGIIHRGHPSLKRILMPESWIGWPLRKDYVVPNFYELQDAY*,46514
ndhI,MFPTIIKFQNYGQQVVEAAKYIGQGSAVTSDHLNRLPITVQYPYEKNLPSERFRGRIHFEFDKCIACEVCVRVCPINLPVVDWIFMKEVKKKKLRSYSIDFGVCIFCGNCIEYCPTNCLSMTEEFELSSYDRHELNRDQTALGRIPLSASQDISIQLVSNSTNFFSKKNL*,115139
rps7,MNKIRNIESDPIYRNRLVNMLVDRILKNGKKSLAYQIFYQAMKRIRQKTNRNPLSVLRQAVRGVTPDVVTETKRVGGSTYRVPVEVVPAKGKASAIRWSLIACRKRSGRSMALRSSDELMDAARNSGSAIRKKEETHKVAEANKAFAHFR*,95814
rps7,MNKIRNIESDPIYRNRLVNMLVDRILKNGKKSLAYQIFYQAMKRIRQKTNRNPLSVLRQAVRGVTPDVVTETKRVGGSTYRVPVEVVPAKGKASAIRWSLIACRKRSGRSMALRSSDELMDAARNSGSAIRKKEETHKVAEANKAFAHFR*,137313
atpE,MALSLRVMAPNRIVWNSEVWEIILSTSSGQIGILPNHAPLLTALDMGVSKIRSDGQWSAMAPMGGFAMIDNNRVTILVNEAERASEIDRDEAQKSFQTAQAELANAEGKKRVIEANLAFKRAKARLEASTTV*,49830
rps8,MNNDAISTTVTSIRNANMKRKAMTRIPATQMTRGIVQILLEEGFIKSVAEHGESGKNFLDVRLKYFGRGKEPYIAAIKCISKPGLRIYYDRKRIPKILGGLGIAILSTSRGLLTDREARRNKTGGEILCHIW*,76330
rps11,MSNKSKKFRSRKGRRGVQKGVIHIQASFNNTIITVTDVRGQVILWCSAGACGFRGTRKSTPFAAQAAAENAIRASMDRGMKQAEVMMSGPGPGRDTALRAIRRSGVILSFVRDVTPMPYNGCRPPRKRRV*,75259
rpl21,MEKRQEGVEVDTYAIIDIGGKQLRVEPGRFYDVHRFTPNVNTLGFNTKISTNRVLLIRDGSDIDIGYPWLANAVVKGRILHSCFGKKLAIQKIYSKRKIGRIRGYREDMIRFVIDSILLNGKTANNQ*,108574
rpl14,MIQIQSYLDVADNSGARKSMCIRVLGTGNRRYAGVGDIIVAVVKEAVPNMSLKRSEVVRAVAACTRKGMKRRNGMVLGFDDNAAVIVNQEGNPRGTRIFGPVARELREYNFARVVSLAPEVL*,76996
ndhC,MFLFHQYDSFRIFLLVSISIPFLAFSIPSFIAPTREGPEKLASYESGIEPKGDTWIRFQIRHYMFAPVFTVSDVETVFLYPWAIAFGDLGLFAFIEVIVFISILVVGLVYAWRKGASEWS*,47825
rpl22,MGNKNKLGTQARIRNIRVSVTKMRRIIDSIRNCSYEEALVLPEFMPYRACYPISQLVLSAAADASNNLGLNKSDLFISEAWVDNSTYLRRFRPRAQGRGYPIRKPTCKVTIQPNSKSVGK*,79929
rpl20,MTRVKRGSVARKYRKNILDSASGFRGAHSRLFRTAKQRREKALTCAHVDRNNRKRAFRRLWIARINAAARKDGITHSSAIHSLYENRVSLNRKTLAQVAILDAYCFSMLVRQVSNKKF*,64382
rps14,MAKKSLIEKEKKKKKLVTKYDVIRQSLKRQIKNSLRIQEKLIISERLQSLPRNSAPVRLRNRCSLTGRPRSNYRDFGFSRHVPREMAHTCILPGVSKSSW*,35848
ndhE,MFEQGLILGAYILCIGFFGLITSRNTVRALMSLEPIFNAITLNFITLSNLPINREGGEIFSLFVIAVAAAEAAAGLAIALSIHRNRKSTRIDQSNLLKW*,113997
rpl23,MDKSKNQVITEKSIRLLQQNQYSFQVDSKLTKTEMKNWIEQFFDVKVEGTNSSRITNSSKRKRSKLNLNSTSRKKMIVRLKRNYFIPLFLSQT*,82275
rps19,MARSSRRGPFVANHLIREIQNLNIRKERKLVTTWSRASAIVPIMIGHTIAIHNGREHLPIYVTDRMVGHKLGEFVPTRNFRGHAKNDKGSRR*,80309
rps15,MKKQESIDAQFSSGNRNTGFTASQIYYSTYQVAKLTSHLELHPKDYSSQLGLWKLLGKRRRLLTYLSNSNTGLYVKILNKLGIRGLKGR*,119128
psbE,MSGNTGERPFADIITSIRYWVIHSITIPSPFIAGWLSVSTGLAYDVSGSPRPNEYFSESRQEVPLITGRFDSLEQVDAFTKSF*,61059
atpH,MNPLISAASVIAAGLAVGLASIGPGVGQGTAAGQAVEGIARQPEAEGKIRGTLLLSLAFMEALTIYGSVVAPAPLFANPPV*,13558
psaC,MAHSVKIYDTCIGCTQCVRACPTDVLEMIPWDGCKANQIASAPRTEDCVGCKRCESACPTDFLSVRVYLGSETTRSMGLAY*,113411
infA,MKKQNLIDMEGTVTESLPNATFRACLDNGCQVLTHISGRIRRSYIRILPGDRVRAELSPYDLTKGRIIYRLRNRHTSNSQ*,75959
rps18,MNKSRHSSRRRSPSIRSDEIVDYKNTSLLRRFVSEQGKILSRRMNRLTSKQQRLVATAVKRARILALLPFSNNES*,63931
psbH,MATKVIDETPRGKPRISFLGMVLKPLNSEYGKVAPGWGTTPLMGFFMALFAIFLVTILEIYNSSVLLDGISISW*,70732
rpl33,MARSKDVRVTIALECTSCTWKETGGKSTGISRYTTRKNRRNTPNRLELEKYCFYCHKHTLHKESKK*,63658
psbZ,MTIAFQFALFALIATSFLLVVGVPVAFASPGGWSGSKNIVFSGASLWIGLVFSVGIPNSFIS*,30860
psbK,MIVLYSIYLENPLYFNDVSFAKLPEAYAIFDPIVDIMPVIPVFFLLLAFVWQAAVSFR*,7015
rpl32,MAVPKKRTSRSKKKIRNHAWKIKSVGKASKSFSLAQSVLSGHSRSFYYITEKKSLRTN*,109145
psbN,MAMETATLVAIFPSRSLVSFTGYALYTAFGQPSEELRDPFEEHED*,70516
psaJ,MQHVKVYLSTAPVVATIWFGLLAGSLIETNRFFPDALLFPFF*,63293
psbJ,MTNTTGRVPLRLVGTVAGTLVIGSSGVFFYGAYSGLGSSL*,60552
psbF,MALDKTYPIFTVRWLAVHGLAVPTVFSLGSISATQFIQR*,60930
rps12,MPTNQQLIRKARQVLGSGTKSPALRGCPQRRGVCTRVYV*,65687
psbL,MTQPNPNKQSVEPNRTSLYRGLLLIFVLAVPSSNYFFN*,60792
petG,MVEASLSGIVLGSIPITLAGLFVTAYLQYRRGDQLDIR*,62265
rpl36,MKIRASIKKICEKCRLIRRRRRIMVICCNSKHKQRQG*,75719
psbI,MLTLKLLVYTVVIFFVSLFVFGFLSNDPGRNPGRRD*,7721
psaI,MTASYLPSIFVPLVGLLFPAVAMASLFLYIERDEIL*,55531
psbM,MEVNILAFVATALFILIPTAFLLILYIQTAARNNE*,28556
psbT,MEALVYTFLLVATSGIIFFAIFFREPPKVPNRGK*,70280
ycf12,MNLEIITQLAVLTLVVASGPLVIALLAAQKGNL*,8650
petL,MLTSLSYFAFLMLALSFTLAIFVGLNKIQIL*,62005
petN,MDLVTIAWAALTVIFTFSLSLVVWGRSGL*,29599
