"gene","protein","","proteinProduct"
NA,NA,NA,NA
ndhB CDS,MNYTNYYFSDFFFSLGNLPILPERILVIGLMMVIVTDLFNKGRNTSLLYRFSLISLLISIVAVLGQWKMYPVYVDFGDFTISNFSYIFRFLLLIRSLLSVLLSVDYIRCSKVVLAEFLFFVSAAGLGGMVLCRGNDLVTLYVALELLSLSSCFLSGHTKKDIRSNEATTKFLLMGGASSSFLLYGFSLLHGISGGQLQLDKTADELLKLNQHLIVIFISIAFITAGTAFKLSLVPFHQWTPDVYEGVSPTPVVAFFSVTSKVAAPALFTRLFGLIFPHFPNEWHMVVGLLATSSMILGNLIAVTQISMKRMLAYPSISQIGYIMIGVLAADPENGYASMITHTFIYILMNLGTFARTTSFGLRTGTDNIRDYAGLYMKDPVLTFSPVLCSPSLGGIPPPSGFFGKLYLFWHGWKAGLYPSVLVALITSVISIYYYLKIIKLMFTGKNERSDASTTYIQNSLVSPSISKSSIELAMIICALASILSGILIDPIIGITRNTLF*,468,NA
rps12 CDS,MPTNQQLIRKARQQLRGGTKSPALRGCPQRRGVCTRVYTTTPKKPNSALRKVARVRLTSKFEVTAYIPGIGHNLQEHSVVLVRGGRVKDLPGVRYHIVRGTLDAVGVKDRKKGRSKYGVKKPK*,64851,NA
rps12 CDS,MPTNQQLIRKARQQLRGGTKSPALRGCPQRRGVCTRVYV*,64845,NA
rps12 CDS,MTTPKKPNSALRKVARVRLTSKFEVTAYIPGIGHNLQEHSVVLVRGGRVKDLPGVRYHIVRGTLDAVGVKDRKKGRSKYGVKKPK*,95042,NA
petB CDS,MGVYDWFEERLEIQAIADDITSKYVPPHVNIFHCLGGITLTCFLVQVATGFAMTSYHRPTVTEAFYSVQYTMTEVNFGWLIRSVHRWSASMMVLMMILHVFRVYLTGGFKKPRELTWVTGVTLAVSTVSFGVTGYSLPWDQIGYWAVKIVTGVPEAIPLVGSSLVELLRGSASVGQSTLTRFYSLHTFVLPLLTAVSTLMHFPMIRK*,70117,NA
petD CDS,MGVKKPDLNDPVLRSKLAKGMGHNYYGEPAWPNDLLYISPVVILGTIACTVGLAVLEPSMVGEPANPFATPLEILPEWYFFPVFQILRTVPNKLLGVLLMASVPAGLLTVPFLENVNKFQNPFRRPVATTVFAIGTAVAIWSGVGATLPIDGSLTSGLF*,71745,NA
rpl16 CDS,MLCPRRTKYRKQHRGRLKGVSSRGNTISFGKFALQALEPAWITARQIEAGRRSITRCARRGGKIWIRIFPDKPVTMRPAETRMGSGKGSPEYWVSAIKPGRIIYELSGVPEDLAKAAMAMAAHKMPVLTRIITIVE*,77600,NA
ycf1 CDS,MSPYILFGLYYGLLATLPVGPSQLLCIRAFLLEGNLGGIAALSGLMLAQLATAISIYCSPIYILLSKPHLLTIVMIPYMVVYCLTINDLPNNDALRSITSLYDLRIVILFLNSFLFQLLNPILLPSPVLARLSHLFLFRYSNNLLFLVTGVLGWLGGHLACSHLSKLLLIRIKKDSPIIYLLVKRAIYTTFSIVFALNALIYMGRAPVPFLTVKIITEPHDTETSFWEITEFQELLWWLFKPWPISFYDPSRKNRGDRYIRNSRIHLTSGFYKVKTSTYYFNKCLTDGKLRLCIAALPSLSIFEKQLEKSLAGSHKFEKNYSLHQDWILRKLIRNKTFQKELKDRIKLLDTGSSFSKAAGVKSRLLGRGRERILGRGKGERVPHAYDPFMNNSRGRIPVAQTYLMINELDLTSSWNELETREKWRRTLRNEKNSIRVWISSGLRRRTRNPLPWDALPAKAGRMFQFIFRNRGKSLYRKRDLEDEVTMIRDRIGTSSEPAVTWEEILSFYPDDRAVFLTYIKQEENRYRFDQIFLSDRFLASGRKRPPNRRKDMWVLQHKIEDLVTHLARNNELYFDDGFDIFGSDGDIRHRKLRNLGVNFAKGRTASVRLVRRYARISDFRRYLLKGTMRSSRRKTLLWKALQDKIRSAFFLRLMEMPTLVQVPVKQLTGLKTEKLFADSKNIPNYQIGQQLTSSSLKRKILRQSKLARSAVAARSDIGPIHNGRGHMLVFQARFRKFIKLPVLIVLKTIGRMVLWQNSEWNKDWAKWKKEIHINCTFDGDEFSQDDLPPRWSKEGIQIKVVYPFQLKPWHSIGRKNRLTPRTKSTRAQLLWGQKSKNKQKLIKNRAKFTYLTVLGYQTDIPFGSIQKQPSFWKPVRKKLIQICRKKFSLGTKKIYRFLNSKFNLGILLKPSAILLKEFNFFPEIRKVLASSPYNIQTRSGPNNNIRDKIESNSNFDKKEGGSINISSSISKQLVTQKSGTEKLLSNVAELAPPLSGGLSGGIGLSKRHTELIQVDGLDLDYMLNNTDLADVSKFNDGELNSFKEKILKLYIHVAEIIDKCFLVTEISYLKVNRDFCYRFDELVVLHTRLLGVTNSTTHKTNLAFSRPNYGFPWFGKTPWLSQAYLYKSIWGLGLDKNLSFNFLSTDSKNSRREKLEIDGGQNADLNPYQSKQSSVYLQYSSKLPIKYNSKTSKSSQTSKCTDMPFDKASEDVAKGFLNEQVLEYIEKWGFLKKLREVDASNWNQWLDCFSKYNLPLTLWRDVAPYRWEINVDYLNEFNGMGIRIANERENNVLQDEVHHYSIYRKNPLLINRIRNLSRLRKRRNLLQSLTDFLRTGDMQNIPIRQDTAAERLYCKNRISKIIEVRGKGVRRFFNLQTSDSEMKFNSKFDLMPWLVTDSTEVKAISRFGKKIYRPKHPIIKENPRRFGRYGRKLDISSKFQDLSDQLYREVIDEREFSRYLFRWKWKSEAKVRNLKSLVALIRMLGDDEDLLKLCRDMNVDSEVLALYFKLKSRLDIDTKMSIRRQLRFNSAHRVPILFDDENLMYKIIHPFLKFKSRLRKGVKKRLYRKIYSDTYISKISFLAKEGNKKRIYNIGDILLPRRRREFRFLRSLLMSRPTKTGAHELDSRFDSLSKIERAHNSKEFKPFGLTEVQKIKRFLWPSHRLEELACTGRFCFNLITGSRFTILKIRMYPVIRN*,119913,NA
